Tournament,Year,Date,Location,Division,DivisionTier,Place,Award,GlasswareType,Team,Player1,Player2
"NATS/USAR Husky Roundnet Winter Open 2026","2026","2026-02-07","Seattle, WA, US","Bronze+/Premier (5.0+)","Top Tier (Glassware)",1,"🍺 Pitcher (1st Place Glassware)","Pitcher","Algorithm","Juan Moscoso","Solomon Berry"
"NATS/USAR Husky Roundnet Winter Open 2026","2026","2026-02-07","Seattle, WA, US","Bronze+/Premier (5.0+)","Top Tier (Glassware)",2,"🍻 Tankard (2nd Place Glassware)","Tankard / Cup","Back Spinnies for the Winnies","Dallin James","Conner Bradshaw"
"NATS/USAR Husky Roundnet Winter Open 2026","2026","2026-02-07","Seattle, WA, US","Bronze+/Premier (5.0+)","Top Tier (Glassware)",3,"🥃 Shot Glass (3rd Place Glassware)","Shot Glass / Horn","Fence Erectors","Max Nice","Jensen Elsemore"
"NATS/USAR Husky Roundnet Winter Open 2026","2026","2026-02-07","Seattle, WA, US","Bronze+/Premier (5.0+)","Top Tier (Glassware)",4,"4th Place (No Award)","None","Casablanca Express","Josh Wozniak","Kavan Dharia"
"NATS/USAR Husky Roundnet Winter Open 2026","2026","2026-02-07","Seattle, WA, US","Contender (4.5)","Top Tier (Glassware)",1,"🍺 Pitcher (1st Place Glassware)","Pitcher","Zero Spice Pad Thai","Jacob Marshall","Evan Cox"
"NATS/USAR Husky Roundnet Winter Open 2026","2026","2026-02-07","Seattle, WA, US","Contender (4.5)","Top Tier (Glassware)",2,"🍻 Tankard (2nd Place Glassware)","Tankard / Cup","Boom + Davy","Logan Garwood","Davis Jung"
"NATS/USAR Husky Roundnet Winter Open 2026","2026","2026-02-07","Seattle, WA, US","Contender (4.5)","Top Tier (Glassware)",3,"🥃 Shot Glass (3rd Place Glassware)","Shot Glass / Horn","Firkland Kog","Andrew Nakahara","Zachary Abas"
"NATS/USAR Husky Roundnet Winter Open 2026","2026","2026-02-07","Seattle, WA, US","Contender (4.5)","Top Tier (Glassware)",4,"4th Place (No Award)","None","Born to Ahn 2","Scott Hilborn","Richard Ahn"
"TASR Austin Spike Weekend Season Opener","2026","2026-02-21","Austin, TX, US","4.0 Contender+","Lower Division (Medals)",1,"🥇 Gold Medal","None","We're In Debt","Tyler Fernandez","Micah Allin"
"TASR Austin Spike Weekend Season Opener","2026","2026-02-21","Austin, TX, US","4.0 Contender+","Lower Division (Medals)",2,"🥈 Silver Medal","None","New Rules?","Andrew Christmas","Noah Beinart"
"TASR Austin Spike Weekend Season Opener","2026","2026-02-21","Austin, TX, US","4.0 Contender+","Lower Division (Medals)",3,"🥉 Bronze Medal","None","The WySpiker and the Wannabe","Luke Mowry","Brandon Arledge"
"TASR Austin Spike Weekend Season Opener","2026","2026-02-21","Austin, TX, US","4.0 Contender+","Lower Division (Medals)",4,"4th Place (No Award)","None","Carnage","Luke Marshall","Rahul Murthy"
"TASR Austin Spike Weekend Season Opener","2026","2026-02-21","Austin, TX, US","3.0 Advanced/Intermediate","Lower Division (Medals)",1,"🥇 Gold Medal","None","MI 6","Isaac Chew","Matthew Xu"
"TASR Austin Spike Weekend Season Opener","2026","2026-02-21","Austin, TX, US","3.0 Advanced/Intermediate","Lower Division (Medals)",2,"🥈 Silver Medal","None","Year of the Horse","Bennett Parker","Henry Weinberg"
"TASR Austin Spike Weekend Season Opener","2026","2026-02-21","Austin, TX, US","3.0 Advanced/Intermediate","Lower Division (Medals)",3,"🥉 Bronze Medal","None","Spike Girls","Lee Forbes","Katherine Burnett"
"TASR Austin Spike Weekend Season Opener","2026","2026-02-21","Austin, TX, US","3.0 Advanced/Intermediate","Lower Division (Medals)",4,"4th Place (No Award)","None","South Philly Roundnet Organization","Peyton Hood","Jake Bleacher"
"TASR College Station Local","2026","2026-02-28","Bryan, TX, US","4.0 Contender+","Lower Division (Medals)",1,"🥇 Gold Medal","None","Dominant Hand Frauds","Luke Mowry","Tyler Fernandez"
"TASR College Station Local","2026","2026-02-28","Bryan, TX, US","4.0 Contender+","Lower Division (Medals)",2,"🥈 Silver Medal","None","JP/Rohil","Rohil Senapati","JP Chincuanco"
"TASR College Station Local","2026","2026-02-28","Bryan, TX, US","4.0 Contender+","Lower Division (Medals)",3,"🥉 Bronze Medal","None","Whatever idrc","Micah Allin","Ian Austin"
"TASR College Station Local","2026","2026-02-28","Bryan, TX, US","4.0 Contender+","Lower Division (Medals)",4,"4th Place (No Award)","None","Half-Way Crooks","Jared Almon","Aidan Riley"
"TASR College Station Local","2026","2026-02-28","Bryan, TX, US","3.0 Advanced/Intermediate","Lower Division (Medals)",1,"🥇 Gold Medal","None","MI BOMBO","William Louis","Alex Vilela"
"TASR College Station Local","2026","2026-02-28","Bryan, TX, US","3.0 Advanced/Intermediate","Lower Division (Medals)",2,"🥈 Silver Medal","None","Nonconsensual Sets","Keaton Greenough","Aiedan Acosta"
"TASR College Station Local","2026","2026-02-28","Bryan, TX, US","3.0 Advanced/Intermediate","Lower Division (Medals)",3,"🥉 Bronze Medal","None","Year of the Horse","Bennett Parker","Henry Weinberg"
"TASR College Station Local","2026","2026-02-28","Bryan, TX, US","3.0 Advanced/Intermediate","Lower Division (Medals)",4,"4th Place (No Award)","None","Sith Spikers","Preston Shaw","Joshua Wilson"
"NC State and Chapel Hill Spikeball Tournament","2026","2026-03-08","Raleigh, NC, US","Intermediate","Top Tier (Glassware)",1,"🍺 Pitcher (1st Place Glassware)","Pitcher","Quad fault","Spencer Marazita","Elijah Young"
"NC State and Chapel Hill Spikeball Tournament","2026","2026-03-08","Raleigh, NC, US","Intermediate","Top Tier (Glassware)",2,"🍻 Tankard (2nd Place Glassware)","Tankard / Cup","Dubois/Cohen","Logan DuBois","Aden cohen"
"NC State and Chapel Hill Spikeball Tournament","2026","2026-03-08","Raleigh, NC, US","Intermediate","Top Tier (Glassware)",3,"🥃 Shot Glass (3rd Place Glassware)","Shot Glass / Horn","K/P","Joseph Kolakowski","Jack Porter"
"NC State and Chapel Hill Spikeball Tournament","2026","2026-03-08","Raleigh, NC, US","Intermediate","Top Tier (Glassware)",4,"4th Place (No Award)","None","PLACEHOLDER","Zeke Krumnacher","Matthew Whalen"
"NC State and Chapel Hill Spikeball Tournament","2026","2026-03-08","Raleigh, NC, US","Expert","Top Tier (Glassware)",1,"🍺 Pitcher (1st Place Glassware)","Pitcher","Gooding /Simpson","Vaughn Gooding","Aaron Simpson"
"NC State and Chapel Hill Spikeball Tournament","2026","2026-03-08","Raleigh, NC, US","Expert","Top Tier (Glassware)",2,"🍻 Tankard (2nd Place Glassware)","Tankard / Cup","Fountain Lovers","Jonah Walker","Alex DuBois"
"NC State and Chapel Hill Spikeball Tournament","2026","2026-03-08","Raleigh, NC, US","Expert","Top Tier (Glassware)",3,"🥃 Shot Glass (3rd Place Glassware)","Shot Glass / Horn","Bevin","Evan Grabarczyk","Ben Celestino"
"NC State and Chapel Hill Spikeball Tournament","2026","2026-03-08","Raleigh, NC, US","Expert","Top Tier (Glassware)",4,"4th Place (No Award)","None","Mosley/Burnette","James Burnette","Eli Mosley"
"North American Tour Series - Atlanta Slam Sectional","2026","2026-03-21","Marietta, GA, US","4.0 Open Contender","Top Tier (Glassware)",1,"🍺 Pitcher (1st Place Glassware)","Pitcher","Tinsel Bird","Tim Matten","Aidan Sprouls"
"North American Tour Series - Atlanta Slam Sectional","2026","2026-03-21","Marietta, GA, US","4.0 Open Contender","Top Tier (Glassware)",2,"🍻 Tankard (2nd Place Glassware)","Tankard / Cup","Kingdom come","Isaac Haynes","Josh Puffenberger"
"North American Tour Series - Atlanta Slam Sectional","2026","2026-03-21","Marietta, GA, US","4.0 Open Contender","Top Tier (Glassware)",3,"🥃 Shot Glass (3rd Place Glassware)","Shot Glass / Horn","KC Pitmasters","Anil Patel","Jamisen Wrinkle"
"North American Tour Series - Atlanta Slam Sectional","2026","2026-03-21","Marietta, GA, US","4.0 Open Contender","Top Tier (Glassware)",4,"4th Place (No Award)","None","Cowabunga 🤙🏼","Connar Kloehn","Parker Mckinney"
"North American Tour Series - Atlanta Slam Sectional","2026","2026-03-21","Marietta, GA, US","3.5 Open Advanced","Top Tier (Glassware)",1,"🍺 Pitcher (1st Place Glassware)","Pitcher","Grackle","Levi Campbell","Andrew Rice"
"North American Tour Series - Atlanta Slam Sectional","2026","2026-03-21","Marietta, GA, US","3.5 Open Advanced","Top Tier (Glassware)",2,"🍻 Tankard (2nd Place Glassware)","Tankard / Cup","Cade and Shrey","Shrey Dhuria","Cade Cote"
"North American Tour Series - Atlanta Slam Sectional","2026","2026-03-21","Marietta, GA, US","3.5 Open Advanced","Top Tier (Glassware)",3,"🥃 Shot Glass (3rd Place Glassware)","Shot Glass / Horn","Cream of Wheat ","Cole Solomon","Omar Medina"
"North American Tour Series - Atlanta Slam Sectional","2026","2026-03-21","Marietta, GA, US","3.5 Open Advanced","Top Tier (Glassware)",4,"4th Place (No Award)","None","OCR Fielding Flicks","Ben Celestino","Ryan Field"
"North American Tour Series - Atlanta Slam Sectional","2026","2026-03-21","Marietta, GA, US","5.0 Open Premier/Bronze+","Top Tier (Glassware)",1,"🍺 Pitcher (1st Place Glassware)","Pitcher","Paradox","Kyle Fowler","Paq Clifford"
"North American Tour Series - Atlanta Slam Sectional","2026","2026-03-21","Marietta, GA, US","5.0 Open Premier/Bronze+","Top Tier (Glassware)",2,"🍻 Tankard (2nd Place Glassware)","Tankard / Cup","Rogue","Ryan Marino","Thomas Hamilton"
"North American Tour Series - Atlanta Slam Sectional","2026","2026-03-21","Marietta, GA, US","5.0 Open Premier/Bronze+","Top Tier (Glassware)",3,"🥃 Shot Glass (3rd Place Glassware)","Shot Glass / Horn","Fever","Connor Nelson","Kieran Rose"
"North American Tour Series - Atlanta Slam Sectional","2026","2026-03-21","Marietta, GA, US","5.0 Open Premier/Bronze+","Top Tier (Glassware)",3,"🥃 Shot Glass (3rd Place Glassware)","Shot Glass / Horn","NEM Seazonal","Zach Snover","Jacob Summers"
"North American Tour Series - Atlanta Slam Sectional","2026","2026-03-21","Marietta, GA, US","4.5 Women's Advanced","Top Tier (Glassware)",1,"🍺 Pitcher (1st Place Glassware)","Pitcher","Treacherous","Kalin Morgan","Malia Wanderer"
"North American Tour Series - Atlanta Slam Sectional","2026","2026-03-21","Marietta, GA, US","4.5 Women's Advanced","Top Tier (Glassware)",2,"🍻 Tankard (2nd Place Glassware)","Tankard / Cup","type A","Joanna Gould","Abigale Lamontagne"
"North American Tour Series - Atlanta Slam Sectional","2026","2026-03-21","Marietta, GA, US","4.5 Women's Advanced","Top Tier (Glassware)",3,"🥃 Shot Glass (3rd Place Glassware)","Shot Glass / Horn","big dawg town","Hannah Radell","Cailley Biagini"
"North American Tour Series - Atlanta Slam Sectional","2026","2026-03-21","Marietta, GA, US","4.5 Women's Advanced","Top Tier (Glassware)",4,"4th Place (No Award)","None","Rays of Sunshine","Ally Kula","Tess Dolan"
"North American Tour Series - Atlanta Slam Sectional","2026","2026-03-21","Marietta, GA, US","Open NATS Points","Top Tier (Glassware)",1,"🍺 Pitcher (1st Place Glassware)","Pitcher","Paradox","Paq Clifford","Kyle Fowler"
"North American Tour Series - Atlanta Slam Sectional","2026","2026-03-21","Marietta, GA, US","Open NATS Points","Top Tier (Glassware)",2,"🍻 Tankard (2nd Place Glassware)","Tankard / Cup","Rogue","Ryan Marino","Thomas Hamilton"
"North American Tour Series - Atlanta Slam Sectional","2026","2026-03-21","Marietta, GA, US","Open NATS Points","Top Tier (Glassware)",3,"🥃 Shot Glass (3rd Place Glassware)","Shot Glass / Horn","Fever","Connor Nelson","Kieran Rose"
"North American Tour Series - Atlanta Slam Sectional","2026","2026-03-21","Marietta, GA, US","Open NATS Points","Top Tier (Glassware)",3,"🥃 Shot Glass (3rd Place Glassware)","Shot Glass / Horn","NEM Seazonal","Zach Snover","Jacob Summers"
"TASR Waco Local","2026","2026-03-28","Waco, TX, US","4.0 Contender+","Lower Division (Medals)",1,"🥇 Gold Medal","None","Split Squat Haters","Garrett Ashton","Luke Mowry"
"TASR Waco Local","2026","2026-03-28","Waco, TX, US","4.0 Contender+","Lower Division (Medals)",2,"🥈 Silver Medal","None","Receipt Rejects","Tyler Fernandez","Ian Austin"
"TASR Waco Local","2026","2026-03-28","Waco, TX, US","4.0 Contender+","Lower Division (Medals)",3,"🥉 Bronze Medal","None","Allin/Riley","Micah Allin","Aidan Riley"
"TASR Waco Local","2026","2026-03-28","Waco, TX, US","4.0 Contender+","Lower Division (Medals)",4,"4th Place (No Award)","None","Good Combo","Rohil Senapati","Rahul Murthy"
"TASR Waco Local","2026","2026-03-28","Waco, TX, US","3.0 Advanced/Intermediate","Lower Division (Medals)",1,"🥇 Gold Medal","None","Parker Bros","parker hall","Bennett Parker"
"TASR Waco Local","2026","2026-03-28","Waco, TX, US","3.0 Advanced/Intermediate","Lower Division (Medals)",2,"🥈 Silver Medal","None","Straftat","Robert Dabney","Lee Forbes"
"TASR Waco Local","2026","2026-03-28","Waco, TX, US","3.0 Advanced/Intermediate","Lower Division (Medals)",3,"🥉 Bronze Medal","None","Magnifique 🤌","Joshua Wilson","Isaac Chew"
"TASR Waco Local","2026","2026-03-28","Waco, TX, US","3.0 Advanced/Intermediate","Lower Division (Medals)",4,"4th Place (No Award)","None","Jaspikers","Jake Rasmussen","Preston Oliver"
"CASR Norcal Opener","2026","2026-04-04","Cupertino, CA, US","4.0+ Contender","Lower Division (Medals)",1,"🥇 Gold Medal","None","Hinder Redo","Shrey Dhuria","Benjamin Walker-Edwards"
"CASR Norcal Opener","2026","2026-04-04","Cupertino, CA, US","4.0+ Contender","Lower Division (Medals)",2,"🥈 Silver Medal","None","Crippled Joes","CJ Wallace","Joe Caires"
"CASR Norcal Opener","2026","2026-04-04","Cupertino, CA, US","4.0+ Contender","Lower Division (Medals)",3,"🥉 Bronze Medal","None","ELO","Datis Shoushtary","Costas Foster"
"CASR Norcal Opener","2026","2026-04-04","Cupertino, CA, US","4.0+ Contender","Lower Division (Medals)",4,"4th Place (No Award)","None","TBD ","Aman Khemka","Justin Estores"
"CASR Norcal Opener","2026","2026-04-04","Cupertino, CA, US","5.0 Expert","Lower Division (Medals)",1,"🥇 Gold Medal","None","Nelson / Lowe","Elle Lowe","Connor Nelson"
"CASR Norcal Opener","2026","2026-04-04","Cupertino, CA, US","5.0 Expert","Lower Division (Medals)",2,"🥈 Silver Medal","None","Tarpey","Joseph Kaylor","Josh Fragiacomo"
"CASR Norcal Opener","2026","2026-04-04","Cupertino, CA, US","5.0 Expert","Lower Division (Medals)",3,"🥉 Bronze Medal","None","TMNT Sac Sisters","Lucas Pruett","Clifton Miller"
"CASR Norcal Opener","2026","2026-04-04","Cupertino, CA, US","5.0 Expert","Lower Division (Medals)",4,"4th Place (No Award)","None","Samson? / Alexander.","Sasha Mariniuk","Aniket Matharasi"
"CASR Norcal Opener","2026","2026-04-04","Cupertino, CA, US","2.0-3.0 Beginner","Lower Division (Medals)",1,"🥇 Gold Medal","None","Spike Wazowski","Dayi Dong","Mark Provost"
"CASR Norcal Opener","2026","2026-04-04","Cupertino, CA, US","2.0-3.0 Beginner","Lower Division (Medals)",2,"🥈 Silver Medal","None","Misflailed","Max Lindemann","div curl"
"CASR Norcal Opener","2026","2026-04-04","Cupertino, CA, US","2.0-3.0 Beginner","Lower Division (Medals)",3,"🥉 Bronze Medal","None","overseas for 2","Cherrish Umlas","Guillermo R."
"CASR Norcal Opener","2026","2026-04-04","Cupertino, CA, US","2.0-3.0 Beginner","Lower Division (Medals)",4,"4th Place (No Award)","None","USFCA Open 1","Alexandria Hamilton","Matthew Banh"
"AZR Spring Challenger","2026","2026-04-04","Mesa, AZ, US","Bronze+/Premier (5.0+)","Top Tier (Glassware)",1,"🍺 Pitcher (1st Place Glassware)","Pitcher","Mike/Hunter","Hunter Koth","Michael Capobianco"
"AZR Spring Challenger","2026","2026-04-04","Mesa, AZ, US","Bronze+/Premier (5.0+)","Top Tier (Glassware)",2,"🍻 Tankard (2nd Place Glassware)","Tankard / Cup","AZR UNCs","Andrew Stevens","Aidan Mackey"
"AZR Spring Challenger","2026","2026-04-04","Mesa, AZ, US","Bronze+/Premier (5.0+)","Top Tier (Glassware)",3,"🥃 Shot Glass (3rd Place Glassware)","Shot Glass / Horn","Giant Slayers","David Yingling","Caedon Gibson"
"AZR Spring Challenger","2026","2026-04-04","Mesa, AZ, US","Bronze+/Premier (5.0+)","Top Tier (Glassware)",4,"4th Place (No Award)","None","Noodles & .Co","Ryan McCargar","Jaren Hori"
"AZR Spring Challenger","2026","2026-04-04","Mesa, AZ, US","Contender (4.5)","Top Tier (Glassware)",1,"🍺 Pitcher (1st Place Glassware)","Pitcher","W 🫑","Hongyi Zhu","Daniel Chudin"
"AZR Spring Challenger","2026","2026-04-04","Mesa, AZ, US","Contender (4.5)","Top Tier (Glassware)",2,"🍻 Tankard (2nd Place Glassware)","Tankard / Cup","Parka People","Tanner Smith","Nivek Thompson"
"AZR Spring Challenger","2026","2026-04-04","Mesa, AZ, US","Contender (4.5)","Top Tier (Glassware)",3,"🥃 Shot Glass (3rd Place Glassware)","Shot Glass / Horn","L Rev","Ally Chou","Reece Yoshizawa"
"AZR Spring Challenger","2026","2026-04-04","Mesa, AZ, US","Contender (4.5)","Top Tier (Glassware)",4,"4th Place (No Award)","None","Injury Reserve","Isaac Hill-Williams","Jeremy Proch"
"AZR Spring Challenger","2026","2026-04-04","Mesa, AZ, US","Advanced (4.0)","Top Tier (Glassware)",1,"🍺 Pitcher (1st Place Glassware)","Pitcher","Ankle Breakers","Warren Anderson","Joshua W"
"AZR Spring Challenger","2026","2026-04-04","Mesa, AZ, US","Advanced (4.0)","Top Tier (Glassware)",2,"🍻 Tankard (2nd Place Glassware)","Tankard / Cup","Jonathane","Jonathan Scheelke","Thane Condit"
"AZR Spring Challenger","2026","2026-04-04","Mesa, AZ, US","Advanced (4.0)","Top Tier (Glassware)",3,"🥃 Shot Glass (3rd Place Glassware)","Shot Glass / Horn","Giggleshitz","Lauren Patentreger","Zachary Lipp"
"AZR Spring Challenger","2026","2026-04-04","Mesa, AZ, US","Advanced (4.0)","Top Tier (Glassware)",3,"🥃 Shot Glass (3rd Place Glassware)","Shot Glass / Horn","Kyley & Izzy","Kyley Schneckloth","Isabella Black"
"North American Tour Series - Dallas Sectional","2026","2026-04-11","Farmers Branch, TX, US","4.5 Women's Advanced","Top Tier (Glassware)",1,"🍺 Pitcher (1st Place Glassware)","Pitcher","just want to be loved","Joanna Gould","Kalin Morgan"
"North American Tour Series - Dallas Sectional","2026","2026-04-11","Farmers Branch, TX, US","4.5 Women's Advanced","Top Tier (Glassware)",2,"🍻 Tankard (2nd Place Glassware)","Tankard / Cup","high infidelity ","Ally Chou","Sarah Allen"
"North American Tour Series - Dallas Sectional","2026","2026-04-11","Farmers Branch, TX, US","4.5 Women's Advanced","Top Tier (Glassware)",3,"🥃 Shot Glass (3rd Place Glassware)","Shot Glass / Horn","Kulacalyptic","Ally Kula","Cailley Biagini"
"North American Tour Series - Dallas Sectional","2026","2026-04-11","Farmers Branch, TX, US","4.5 Women's Advanced","Top Tier (Glassware)",4,"4th Place (No Award)","None","Animal Jam🐘🐆🦓🦒","Stef Ding","Samantha Barklow"
"North American Tour Series - Dallas Sectional","2026","2026-04-11","Farmers Branch, TX, US","4.0 Open Contender","Top Tier (Glassware)",1,"🍺 Pitcher (1st Place Glassware)","Pitcher","Tbd","Alex Vilela","Iason Hayes"
"North American Tour Series - Dallas Sectional","2026","2026-04-11","Farmers Branch, TX, US","4.0 Open Contender","Top Tier (Glassware)",2,"🍻 Tankard (2nd Place Glassware)","Tankard / Cup","Cowabunga 🤙🏼","Parker Mckinney","Connar Kloehn"
"North American Tour Series - Dallas Sectional","2026","2026-04-11","Farmers Branch, TX, US","4.0 Open Contender","Top Tier (Glassware)",3,"🥃 Shot Glass (3rd Place Glassware)","Shot Glass / Horn","Profit & Prose","JJ Vela","James Ledbetter IV"
"North American Tour Series - Dallas Sectional","2026","2026-04-11","Farmers Branch, TX, US","4.0 Open Contender","Top Tier (Glassware)",4,"4th Place (No Award)","None","Balls in Play","Evan Deragon","David Z"
"North American Tour Series - Dallas Sectional","2026","2026-04-11","Farmers Branch, TX, US","5.0 Open Premier/Bronze+","Top Tier (Glassware)",1,"🍺 Pitcher (1st Place Glassware)","Pitcher","Fever","Connor Nelson","Kieran Rose"
"North American Tour Series - Dallas Sectional","2026","2026-04-11","Farmers Branch, TX, US","5.0 Open Premier/Bronze+","Top Tier (Glassware)",2,"🍻 Tankard (2nd Place Glassware)","Tankard / Cup","Robertt/Woolley","Jake Woolley","Nathan Robertt"
"North American Tour Series - Dallas Sectional","2026","2026-04-11","Farmers Branch, TX, US","5.0 Open Premier/Bronze+","Top Tier (Glassware)",3,"🥃 Shot Glass (3rd Place Glassware)","Shot Glass / Horn","NEM Seazonal","Zach Snover","Jacob Summers"
"North American Tour Series - Dallas Sectional","2026","2026-04-11","Farmers Branch, TX, US","5.0 Open Premier/Bronze+","Top Tier (Glassware)",4,"4th Place (No Award)","None","NEM Dominion","Andrew Greer","Jake Dooley"
"North American Tour Series - Dallas Sectional","2026","2026-04-11","Farmers Branch, TX, US","Open NATS Points","Top Tier (Glassware)",1,"🍺 Pitcher (1st Place Glassware)","Pitcher","Fever","Connor Nelson","Kieran Rose"
"North American Tour Series - Dallas Sectional","2026","2026-04-11","Farmers Branch, TX, US","Open NATS Points","Top Tier (Glassware)",2,"🍻 Tankard (2nd Place Glassware)","Tankard / Cup","Robertt/Woolley","Jake Woolley","Nathan Robertt"
"North American Tour Series - Dallas Sectional","2026","2026-04-11","Farmers Branch, TX, US","Open NATS Points","Top Tier (Glassware)",3,"🥃 Shot Glass (3rd Place Glassware)","Shot Glass / Horn","NEM Seazonal","Zach Snover","Jacob Summers"
"North American Tour Series - Dallas Sectional","2026","2026-04-11","Farmers Branch, TX, US","Open NATS Points","Top Tier (Glassware)",4,"4th Place (No Award)","None","NEM Dominion","Andrew Greer","Jake Dooley"
"Free the Spike Tournament","2026","2026-04-11","American Fork, UT, US","2.0-3.0 Recreational","Top Tier (Glassware)",1,"🍺 Pitcher (1st Place Glassware)","Pitcher","VegasBoyz","Benjamin Scow","Caleb Scow"
"Free the Spike Tournament","2026","2026-04-11","American Fork, UT, US","2.0-3.0 Recreational","Top Tier (Glassware)",2,"🍻 Tankard (2nd Place Glassware)","Tankard / Cup","Big Blue Spikes Back","Lauren Zaleski","Garrett Lawton"
"Free the Spike Tournament","2026","2026-04-11","American Fork, UT, US","2.0-3.0 Recreational","Top Tier (Glassware)",3,"🥃 Shot Glass (3rd Place Glassware)","Shot Glass / Horn","NARPS","DANIEL LACEY","Trevor Davis"
"Free the Spike Tournament","2026","2026-04-11","American Fork, UT, US","2.0-3.0 Recreational","Top Tier (Glassware)",4,"4th Place (No Award)","None","Comin for a Jam","Samuel Comin","James VanDam"
"Free the Spike Tournament","2026","2026-04-11","American Fork, UT, US","4.0 Challenger","Top Tier (Glassware)",1,"🍺 Pitcher (1st Place Glassware)","Pitcher","Stockton Set Malone","Tyson Lutz","David Okerlund"
"Free the Spike Tournament","2026","2026-04-11","American Fork, UT, US","4.0 Challenger","Top Tier (Glassware)",2,"🍻 Tankard (2nd Place Glassware)","Tankard / Cup","Isaac and Luke","Isaac Greding","Luke Hatch"
"Free the Spike Tournament","2026","2026-04-11","American Fork, UT, US","4.0 Challenger","Top Tier (Glassware)",3,"🥃 Shot Glass (3rd Place Glassware)","Shot Glass / Horn","Kiss My Ace","Braylon Schreibeis","Josh Smith"
"Free the Spike Tournament","2026","2026-04-11","American Fork, UT, US","4.0 Challenger","Top Tier (Glassware)",4,"4th Place (No Award)","None","No Name","Toby Hunt","Braydon Hunt"
"Free the Spike Tournament","2026","2026-04-11","American Fork, UT, US","4.5 Elite","Top Tier (Glassware)",1,"🍺 Pitcher (1st Place Glassware)","Pitcher","Cook / Cordingley","Luke Cook","Konnor Cordingley"
"Free the Spike Tournament","2026","2026-04-11","American Fork, UT, US","4.5 Elite","Top Tier (Glassware)",2,"🍻 Tankard (2nd Place Glassware)","Tankard / Cup","BLACKOUT","Joshua Balmforth","Kody Price"
"Free the Spike Tournament","2026","2026-04-11","American Fork, UT, US","4.5 Elite","Top Tier (Glassware)",3,"🥃 Shot Glass (3rd Place Glassware)","Shot Glass / Horn","Bucketeers","Trevor Zaleski","Matt Barlow"
"Free the Spike Tournament","2026","2026-04-11","American Fork, UT, US","4.5 Elite","Top Tier (Glassware)",4,"4th Place (No Award)","None","This Prince Has Her Hart","Remi Prince","Alex Hart"
"Husky Roundnet Club Spring Open 2026","2026","2026-04-11","Seattle, WA, US","Contender (4.0)","Top Tier (Glassware)",1,"🍺 Pitcher (1st Place Glassware)","Pitcher","HRC Oxford Project","Gavin Gibson","Annabelle Lee"
"Husky Roundnet Club Spring Open 2026","2026","2026-04-11","Seattle, WA, US","Contender (4.0)","Top Tier (Glassware)",2,"🍻 Tankard (2nd Place Glassware)","Tankard / Cup","Score check?","Patrick McManus","Quentin Chiu"
"Husky Roundnet Club Spring Open 2026","2026","2026-04-11","Seattle, WA, US","Contender (4.0)","Top Tier (Glassware)",3,"🥃 Shot Glass (3rd Place Glassware)","Shot Glass / Horn","The Megatrahns","Richard Ahn","Arthur Troncoso"
"Husky Roundnet Club Spring Open 2026","2026","2026-04-11","Seattle, WA, US","Contender (4.0)","Top Tier (Glassware)",4,"4th Place (No Award)","None","Spikeaholics Anonymous","Scott Hilborn","Joey Stocco"
"Husky Roundnet Club Spring Open 2026","2026","2026-04-11","Seattle, WA, US","Bronze+/Premier (4.5+)","Top Tier (Glassware)",1,"🍺 Pitcher (1st Place Glassware)","Pitcher","Soulmates","Eddy Leung","Dallin James"
"Husky Roundnet Club Spring Open 2026","2026","2026-04-11","Seattle, WA, US","Bronze+/Premier (4.5+)","Top Tier (Glassware)",2,"🍻 Tankard (2nd Place Glassware)","Tankard / Cup","Cavemen","Sam Clarke","Jensen Elsemore"
"Husky Roundnet Club Spring Open 2026","2026","2026-04-11","Seattle, WA, US","Bronze+/Premier (4.5+)","Top Tier (Glassware)",3,"🥃 Shot Glass (3rd Place Glassware)","Shot Glass / Horn","Groovy","Carlin Vicera","Will Ries"
"Husky Roundnet Club Spring Open 2026","2026","2026-04-11","Seattle, WA, US","Bronze+/Premier (4.5+)","Top Tier (Glassware)",4,"4th Place (No Award)","None","Malgorithm","Nolan Wynkoop","Conner Bradshaw"
"ERS Connecticut 2026","2026","2026-04-18","Mansfield, CT, US","Women’s Intermediate-Advanced 4.0+","Lower Division (Medals)",1,"🥇 Gold Medal","None","zoo wee mama","Lia Maag","Hannah Radell"
"ERS Connecticut 2026","2026","2026-04-18","Mansfield, CT, US","Women’s Intermediate-Advanced 4.0+","Lower Division (Medals)",2,"🥈 Silver Medal","None","Kiln it","Tess Dolan","Cailley Biagini"
"ERS Connecticut 2026","2026","2026-04-18","Mansfield, CT, US","Women’s Intermediate-Advanced 4.0+","Lower Division (Medals)",3,"🥉 Bronze Medal","None","Slow people","Malia Wanderer","Sadie Beres"
"ERS Connecticut 2026","2026","2026-04-18","Mansfield, CT, US","Women’s Intermediate-Advanced 4.0+","Lower Division (Medals)",4,"4th Place (No Award)","None","hordearii","Sabine Lucas","Karly Bigham"
"ERS Connecticut 2026","2026","2026-04-18","Mansfield, CT, US","Open Advanced-Contender 3.5-4.0","Lower Division (Medals)",1,"🥇 Gold Medal","None","TBD","Daniel Vogt","Aidan Buchanan"
"ERS Connecticut 2026","2026","2026-04-18","Mansfield, CT, US","Open Advanced-Contender 3.5-4.0","Lower Division (Medals)",2,"🥈 Silver Medal","None","Dreverend scoot","Luke Arnpriester","Jake Stoller"
"ERS Connecticut 2026","2026","2026-04-18","Mansfield, CT, US","Open Advanced-Contender 3.5-4.0","Lower Division (Medals)",3,"🥉 Bronze Medal","None","Penn State","Peter Lanza","Kade Kulpinski"
"ERS Connecticut 2026","2026","2026-04-18","Mansfield, CT, US","Open Advanced-Contender 3.5-4.0","Lower Division (Medals)",4,"4th Place (No Award)","None","Russo/Prelich","Dean Russo","josh aguilar"
"ERS Connecticut 2026","2026","2026-04-18","Mansfield, CT, US","Open Premier 4.5+","Lower Division (Medals)",1,"🥇 Gold Medal","None","Diani/Camarena","Charlie Camarena","Sam Diani"
"ERS Connecticut 2026","2026","2026-04-18","Mansfield, CT, US","Open Premier 4.5+","Lower Division (Medals)",2,"🥈 Silver Medal","None","Maximum effort to barely win","Matt Wallach","Mitchell Whelan"
"ERS Connecticut 2026","2026","2026-04-18","Mansfield, CT, US","Open Premier 4.5+","Lower Division (Medals)",3,"🥉 Bronze Medal","None","Risk","Andrew Nee","Jackson Biggs"
"ERS Connecticut 2026","2026","2026-04-18","Mansfield, CT, US","Open Premier 4.5+","Lower Division (Medals)",4,"4th Place (No Award)","None","L/M","John Mankowich","Diego Lopez"
"MRS Lansing","2026","2026-04-18","Lansing, MI, US","4.0-5.0 Premier/Contender","Top Tier (Glassware)",1,"🍺 Pitcher (1st Place Glassware)","Pitcher","BTR","Korbin Thompson","Jack Drouare"
"MRS Lansing","2026","2026-04-18","Lansing, MI, US","4.0-5.0 Premier/Contender","Top Tier (Glassware)",2,"🍻 Tankard (2nd Place Glassware)","Tankard / Cup","HBD Gail","Jackson Wood","Charlie Cavallaro"
"MRS Lansing","2026","2026-04-18","Lansing, MI, US","4.0-5.0 Premier/Contender","Top Tier (Glassware)",3,"🥃 Shot Glass (3rd Place Glassware)","Shot Glass / Horn","Jack’s brother and Aleks","Reed Drouare","Aleks Essen"
"MRS Lansing","2026","2026-04-18","Lansing, MI, US","4.0-5.0 Premier/Contender","Top Tier (Glassware)",4,"4th Place (No Award)","None","67 Hotel","Gaurav Capila","Ethan Ferland"
"MRS Lansing","2026","2026-04-18","Lansing, MI, US","2.0-3.0 Intermediate","Top Tier (Glassware)",1,"🍺 Pitcher (1st Place Glassware)","Pitcher","The Jig Bons","Noah Minard","Jonathan Lackner"
"MRS Lansing","2026","2026-04-18","Lansing, MI, US","2.0-3.0 Intermediate","Top Tier (Glassware)",2,"🍻 Tankard (2nd Place Glassware)","Tankard / Cup","Soft Serve","Graham Warner","Noah Reed"
"MRS Lansing","2026","2026-04-18","Lansing, MI, US","2.0-3.0 Intermediate","Top Tier (Glassware)",3,"🥃 Shot Glass (3rd Place Glassware)","Shot Glass / Horn","Nexflux","Gaurav Mahlawat","Ellie Hoekstra"
"MRS Lansing","2026","2026-04-18","Lansing, MI, US","2.0-3.0 Intermediate","Top Tier (Glassware)",4,"4th Place (No Award)","None","Ball Busters","Sydney Tefft","Ellie Benham"
"North American Tour Series - Los Angeles Sectional","2026","2026-04-25","Los Angeles, CA, US","5.0 Open Premier/Bronze+","Top Tier (Glassware)",1,"🍺 Pitcher (1st Place Glassware)","Pitcher","J.A.R.V.I.S.","Josh Fragiacomo","Connor Nelson"
"North American Tour Series - Los Angeles Sectional","2026","2026-04-25","Los Angeles, CA, US","5.0 Open Premier/Bronze+","Top Tier (Glassware)",2,"🍻 Tankard (2nd Place Glassware)","Tankard / Cup","Model/Rose","Max Model","Kieran Rose"
"North American Tour Series - Los Angeles Sectional","2026","2026-04-25","Los Angeles, CA, US","5.0 Open Premier/Bronze+","Top Tier (Glassware)",3,"🥃 Shot Glass (3rd Place Glassware)","Shot Glass / Horn","foolish","Sunny Gu","Lucas Pruett"
"North American Tour Series - Los Angeles Sectional","2026","2026-04-25","Los Angeles, CA, US","5.0 Open Premier/Bronze+","Top Tier (Glassware)",4,"4th Place (No Award)","None","Paradox","Paq Clifford","Kyle Fowler"
"North American Tour Series - Los Angeles Sectional","2026","2026-04-25","Los Angeles, CA, US","4.5 Women's Advanced","Top Tier (Glassware)",1,"🍺 Pitcher (1st Place Glassware)","Pitcher","joanna and elle","Elle Lowe","Joanna Gould"
"North American Tour Series - Los Angeles Sectional","2026","2026-04-25","Los Angeles, CA, US","4.5 Women's Advanced","Top Tier (Glassware)",2,"🍻 Tankard (2nd Place Glassware)","Tankard / Cup","THUS Parabatai","Kayla Wu-Fleming","Kalin Morgan"
"North American Tour Series - Los Angeles Sectional","2026","2026-04-25","Los Angeles, CA, US","4.5 Women's Advanced","Top Tier (Glassware)",3,"🥃 Shot Glass (3rd Place Glassware)","Shot Glass / Horn","dropouts","Sarah Allen","Lou Washburn"
"North American Tour Series - Los Angeles Sectional","2026","2026-04-25","Los Angeles, CA, US","4.5 Women's Advanced","Top Tier (Glassware)",4,"4th Place (No Award)","None","Cosmic","Joelle Nguyen","Sebastiani Kim"
"North American Tour Series - Los Angeles Sectional","2026","2026-04-25","Los Angeles, CA, US","4.0 Open Contender","Top Tier (Glassware)",1,"🍺 Pitcher (1st Place Glassware)","Pitcher","Feel Good Feel Old Washed Up ","CJ Wallace","Aman Khemka"
"North American Tour Series - Los Angeles Sectional","2026","2026-04-25","Los Angeles, CA, US","4.0 Open Contender","Top Tier (Glassware)",2,"🍻 Tankard (2nd Place Glassware)","Tankard / Cup","Tbd","Reece Yoshizawa","Nickhil Anantha"
"North American Tour Series - Los Angeles Sectional","2026","2026-04-25","Los Angeles, CA, US","4.0 Open Contender","Top Tier (Glassware)",3,"🥃 Shot Glass (3rd Place Glassware)","Shot Glass / Horn","Obsessive","Trevor Folden","Shrey Dhuria"
"North American Tour Series - Los Angeles Sectional","2026","2026-04-25","Los Angeles, CA, US","4.0 Open Contender","Top Tier (Glassware)",4,"4th Place (No Award)","None","Ben/Juntao","Thompson Yang","Ben Collins"
"North American Tour Series - Los Angeles Sectional","2026","2026-04-25","Los Angeles, CA, US","Open NATS Points","Top Tier (Glassware)",1,"🍺 Pitcher (1st Place Glassware)","Pitcher","J.A.R.V.I.S.","Connor Nelson","Josh Fragiacomo"
"North American Tour Series - Los Angeles Sectional","2026","2026-04-25","Los Angeles, CA, US","Open NATS Points","Top Tier (Glassware)",2,"🍻 Tankard (2nd Place Glassware)","Tankard / Cup","Model/Rose","Max Model","Kieran Rose"
"North American Tour Series - Los Angeles Sectional","2026","2026-04-25","Los Angeles, CA, US","Open NATS Points","Top Tier (Glassware)",3,"🥃 Shot Glass (3rd Place Glassware)","Shot Glass / Horn","foolish","Sunny Gu","Lucas Pruett"
"North American Tour Series - Los Angeles Sectional","2026","2026-04-25","Los Angeles, CA, US","Open NATS Points","Top Tier (Glassware)",4,"4th Place (No Award)","None","Paradox","Paq Clifford","Kyle Fowler"
"ERS Buffalo 2026","2026","2026-05-02","Buffalo, NY, US","Open Advanced-Contender 3.5-4.0","Lower Division (Medals)",1,"🥇 Gold Medal","None","Penn State","Kade Kulpinski","Peter Lanza"
"ERS Buffalo 2026","2026","2026-05-02","Buffalo, NY, US","Open Advanced-Contender 3.5-4.0","Lower Division (Medals)",2,"🥈 Silver Medal","None","Cruz/Russo","Dean Russo","Camilo Cruz"
"ERS Buffalo 2026","2026","2026-05-02","Buffalo, NY, US","Open Advanced-Contender 3.5-4.0","Lower Division (Medals)",3,"🥉 Bronze Medal","None","Sets in the City","Derek Sicko","Matthew Michaelis"
"ERS Buffalo 2026","2026","2026-05-02","Buffalo, NY, US","Open Advanced-Contender 3.5-4.0","Lower Division (Medals)",4,"4th Place (No Award)","None","Pradin’ My Johnston","Prady Vijayakumar","Maddie Johnston"
"ERS Buffalo 2026","2026","2026-05-02","Buffalo, NY, US","Open Premier 4.5+","Lower Division (Medals)",1,"🥇 Gold Medal","None","Renewal","Aleks Essen","Caleb Shorter"
"ERS Buffalo 2026","2026","2026-05-02","Buffalo, NY, US","Open Premier 4.5+","Lower Division (Medals)",2,"🥈 Silver Medal","None","Shock Value","John Putney","Drew Ryder"
"ERS Buffalo 2026","2026","2026-05-02","Buffalo, NY, US","Open Premier 4.5+","Lower Division (Medals)",3,"🥉 Bronze Medal","None","TBD (The Big Dawgs)","Justin Shaytar","Riley Nassour"
"ERS Buffalo 2026","2026","2026-05-02","Buffalo, NY, US","Open Premier 4.5+","Lower Division (Medals)",4,"4th Place (No Award)","None","Left Strokers","Dustin Grant","Alex Luc"
"Spring Spike Tournament","2026","2026-05-02","Millcreek, UT, US","4.5 Elite","Top Tier (Glassware)",1,"🍺 Pitcher (1st Place Glassware)","Pitcher","Amnesia","Garrett Carver","Tyler Stokes"
"Spring Spike Tournament","2026","2026-05-02","Millcreek, UT, US","4.5 Elite","Top Tier (Glassware)",2,"🍻 Tankard (2nd Place Glassware)","Tankard / Cup","Fish Market","Solomon Berry","Bryant Karratti"
"Spring Spike Tournament","2026","2026-05-02","Millcreek, UT, US","4.5 Elite","Top Tier (Glassware)",3,"🥃 Shot Glass (3rd Place Glassware)","Shot Glass / Horn","Bucketeers","Trevor Zaleski","Matt Barlow"
"Spring Spike Tournament","2026","2026-05-02","Millcreek, UT, US","4.5 Elite","Top Tier (Glassware)",4,"4th Place (No Award)","None","Chanluke Cookzler","Chandler Hertzler","Luke Cook"
"Spring Spike Tournament","2026","2026-05-02","Millcreek, UT, US","4.0 Challenger","Top Tier (Glassware)",1,"🍺 Pitcher (1st Place Glassware)","Pitcher","Net Ninjas","Spencer Hansen","Josh Smith"
"Spring Spike Tournament","2026","2026-05-02","Millcreek, UT, US","4.0 Challenger","Top Tier (Glassware)",2,"🍻 Tankard (2nd Place Glassware)","Tankard / Cup","Jelly Bellies","Chris Sorensen","Ryan Kartchner"
"Spring Spike Tournament","2026","2026-05-02","Millcreek, UT, US","4.0 Challenger","Top Tier (Glassware)",3,"🥃 Shot Glass (3rd Place Glassware)","Shot Glass / Horn","Morgan's","Ian Morgan","Janalee Hatch"
"Spring Spike Tournament","2026","2026-05-02","Millcreek, UT, US","4.0 Challenger","Top Tier (Glassware)",4,"4th Place (No Award)","None","VegasBoyz","Caleb Scow","Travis Schelin"
"Spring Spike Tournament","2026","2026-05-02","Millcreek, UT, US","2.0-3.0 Recreational","Top Tier (Glassware)",1,"🍺 Pitcher (1st Place Glassware)","Pitcher","Roundnet Rookies","Parker Medford","Jaimen Holman"
"Spring Spike Tournament","2026","2026-05-02","Millcreek, UT, US","2.0-3.0 Recreational","Top Tier (Glassware)",2,"🍻 Tankard (2nd Place Glassware)","Tankard / Cup","Bread Gang","Kade S","Brenden Taylor"
"Spring Spike Tournament","2026","2026-05-02","Millcreek, UT, US","2.0-3.0 Recreational","Top Tier (Glassware)",3,"🥃 Shot Glass (3rd Place Glassware)","Shot Glass / Horn","Charlie's Wannabe's","Benjamin Ware","Matthew Brady"
"Spring Spike Tournament","2026","2026-05-02","Millcreek, UT, US","2.0-3.0 Recreational","Top Tier (Glassware)",4,"4th Place (No Award)","None","Harmony","Preston Harmon","Jaxon Taylor"
"ILR South Elgin","2026","2026-05-09","South Elgin, IL, US","Expert(4.5+)","Top Tier (Glassware)",1,"🍺 Pitcher (1st Place Glassware)","Pitcher","Señor Frogs 🐸","Colin Hobart","Joey Reynolds"
"ILR South Elgin","2026","2026-05-09","South Elgin, IL, US","Expert(4.5+)","Top Tier (Glassware)",2,"🍻 Tankard (2nd Place Glassware)","Tankard / Cup","The Emergency Room","Rohil Senapati","Adam Weiss"
"ILR South Elgin","2026","2026-05-09","South Elgin, IL, US","Expert(4.5+)","Top Tier (Glassware)",3,"🥃 Shot Glass (3rd Place Glassware)","Shot Glass / Horn","Jacob and his Friend","Korbin Thompson","Jacob Purser"
"ILR South Elgin","2026","2026-05-09","South Elgin, IL, US","Expert(4.5+)","Top Tier (Glassware)",4,"4th Place (No Award)","None","Abu Ghareeb Nawaz","Tab Dayani","Tahseen Robbani"
"MNR @ Como Park (5/30)","2026","2026-05-30","Saint Paul, MN, US","Expert (4.5)","Top Tier (Glassware)",1,"🍺 Pitcher (1st Place Glassware)","Pitcher","Ryan/Brady","Ryan Neuman","Brady Van Straten"
"MNR @ Como Park (5/30)","2026","2026-05-30","Saint Paul, MN, US","Expert (4.5)","Top Tier (Glassware)",2,"🍻 Tankard (2nd Place Glassware)","Tankard / Cup","FREE WIN - tanking for free registration","Jared Kula","Max Illetschko"
"MNR @ Como Park (5/30)","2026","2026-05-30","Saint Paul, MN, US","Expert (4.5)","Top Tier (Glassware)",3,"🥃 Shot Glass (3rd Place Glassware)","Shot Glass / Horn","Bapple Boys","Jon Moe","Adam Ford"
"MNR @ Como Park (5/30)","2026","2026-05-30","Saint Paul, MN, US","Expert (4.5)","Top Tier (Glassware)",4,"4th Place (No Award)","None","No Clue","Joren Rudzitis","Soren Peterson"
"ERS Long Island 2026","2026","2026-06-06","Long Island, New York, USA, NY, US","Open Advanced-Contender 3.5-4.0","Lower Division (Medals)",1,"🥇 Gold Medal","None","Team twigs","Matt Higgins","Logan Darby"
"ERS Long Island 2026","2026","2026-06-06","Long Island, New York, USA, NY, US","Open Advanced-Contender 3.5-4.0","Lower Division (Medals)",2,"🥈 Silver Medal","None","The Chosen 2","Max Ofgang","Alex Ofgang"
"ERS Long Island 2026","2026","2026-06-06","Long Island, New York, USA, NY, US","Open Advanced-Contender 3.5-4.0","Lower Division (Medals)",3,"🥉 Bronze Medal","None","Kyle/Dylan","Kyle Ling","Dylan Rehman"
"ERS Long Island 2026","2026","2026-06-06","Long Island, New York, USA, NY, US","Open Advanced-Contender 3.5-4.0","Lower Division (Medals)",4,"4th Place (No Award)","None","Bro Code","Samarth Desai","Siddhant Desai"
"ERS Long Island 2026","2026","2026-06-06","Long Island, New York, USA, NY, US","Open Premier 4.5+","Lower Division (Medals)",1,"🥇 Gold Medal","None","Chowder","Demitri Forand","Caleb White"
"ERS Long Island 2026","2026","2026-06-06","Long Island, New York, USA, NY, US","Open Premier 4.5+","Lower Division (Medals)",2,"🥈 Silver Medal","None","P🅱️R 🅱️a🅱️a🅱️ooey","Jacob Arzaga","Brock Lodato"
"ERS Long Island 2026","2026","2026-06-06","Long Island, New York, USA, NY, US","Open Premier 4.5+","Lower Division (Medals)",3,"🥉 Bronze Medal","None","Brian Perlson","Brian Perlson","Drew Ryder"
"ERS Long Island 2026","2026","2026-06-06","Long Island, New York, USA, NY, US","Open Premier 4.5+","Lower Division (Medals)",4,"4th Place (No Award)","None","Lefty Bang","Chris Ng","Matthew Tiongko"
"CASR Norcal Regional #2","2026","2026-06-13","Menlo Park, CA, US","5.0 Expert","Lower Division (Medals)",1,"🥇 Gold Medal","None","Cracked","Connor Nelson","Trevor Folden"
"CASR Norcal Regional #2","2026","2026-06-13","Menlo Park, CA, US","5.0 Expert","Lower Division (Medals)",2,"🥈 Silver Medal","None","Jonas/Gavin","Jonas Frost","Gavin Hansen"
"CASR Norcal Regional #2","2026","2026-06-13","Menlo Park, CA, US","5.0 Expert","Lower Division (Medals)",3,"🥉 Bronze Medal","None","Samson / Alexander","Rafi Moldovsky","Sasha Mariniuk"
"CASR Norcal Regional #2","2026","2026-06-13","Menlo Park, CA, US","5.0 Expert","Lower Division (Medals)",4,"4th Place (No Award)","None","More athletic than Heliot Ramos","Alec Galbo","Jackson Blackburn"
"CASR Norcal Regional #2","2026","2026-06-13","Menlo Park, CA, US","4.0+ Contender","Lower Division (Medals)",1,"🥇 Gold Medal","None","Devon/Sophia","Sophia Zhao","Devon Lee"
"CASR Norcal Regional #2","2026","2026-06-13","Menlo Park, CA, US","4.0+ Contender","Lower Division (Medals)",2,"🥈 Silver Medal","None","Get kicked IDIOT!","Ethan Kwok","Cynthia Zhang"
"CASR Norcal Regional #2","2026","2026-06-13","Menlo Park, CA, US","4.0+ Contender","Lower Division (Medals)",3,"🥉 Bronze Medal","None","Rim Reapers","Edson Bonilla",""
"CASR Norcal Regional #2","2026","2026-06-13","Menlo Park, CA, US","4.0+ Contender","Lower Division (Medals)",4,"4th Place (No Award)","None","G-Wang-on","Jeffrey Wang","Gammy Bravo"
"MRS Kansas City Classic 2026","2026","2026-06-13","Lenexa, KS, US","Casual + Competitive (3.0-4.5)","Top Tier (Glassware)",1,"🍺 Pitcher (1st Place Glassware)","Pitcher","Raw Sauce","Anil Patel","Jose Knight"
"MRS Kansas City Classic 2026","2026","2026-06-13","Lenexa, KS, US","Casual + Competitive (3.0-4.5)","Top Tier (Glassware)",2,"🍻 Tankard (2nd Place Glassware)","Tankard / Cup","Are we in charge?","Andrew Gasaway","Jamisen Wrinkle"
"MRS Kansas City Classic 2026","2026","2026-06-13","Lenexa, KS, US","Casual + Competitive (3.0-4.5)","Top Tier (Glassware)",3,"🥃 Shot Glass (3rd Place Glassware)","Shot Glass / Horn","Top Shelf","Nathaniel Alexander","Patrick Moll"
"MRS Kansas City Classic 2026","2026","2026-06-13","Lenexa, KS, US","Casual + Competitive (3.0-4.5)","Top Tier (Glassware)",4,"4th Place (No Award)","None","Active Huskers","Grant Bauman","Connor Mahony"
"GWR Community Individual Tournament","2026","2026-06-13","Vienna, VA, US","Open 2.0-3.0 Beginner-Intermediate","Lower Division (Medals)",1,"🥇 Gold Medal","None","Phong Tran","Phong Tran",""
"GWR Community Individual Tournament","2026","2026-06-13","Vienna, VA, US","Open 2.0-3.0 Beginner-Intermediate","Lower Division (Medals)",1,"🥇 Gold Medal","None","Mihir","Mihir Patil",""
"GWR Community Individual Tournament","2026","2026-06-13","Vienna, VA, US","Open 2.0-3.0 Beginner-Intermediate","Lower Division (Medals)",3,"🥉 Bronze Medal","None","Jamie","Jamie Wills",""
"GWR Community Individual Tournament","2026","2026-06-13","Vienna, VA, US","Open 2.0-3.0 Beginner-Intermediate","Lower Division (Medals)",3,"🥉 Bronze Medal","None","Noah!","Nicole Shen",""
"GWR Community Individual Tournament","2026","2026-06-13","Vienna, VA, US","Open 4.0 Advanced+","Lower Division (Medals)",1,"🥇 Gold Medal","None","Hampton","Hampton Chappell",""
"GWR Community Individual Tournament","2026","2026-06-13","Vienna, VA, US","Open 4.0 Advanced+","Lower Division (Medals)",2,"🥈 Silver Medal","None","Brooks Weeks","Brooks Weeks",""
"GWR Community Individual Tournament","2026","2026-06-13","Vienna, VA, US","Open 4.0 Advanced+","Lower Division (Medals)",3,"🥉 Bronze Medal","None","jonathan esposo","Jon Esposo",""
"GWR Community Individual Tournament","2026","2026-06-13","Vienna, VA, US","Open 4.0 Advanced+","Lower Division (Medals)",4,"4th Place (No Award)","None","Henry Cheung","Henry Cheung",""
"North American Tour Series - Boston Sectional","2026","2026-06-20","Marlborough, MA, US","5.0 Open Premier/Bronze+","Top Tier (Glassware)",1,"🍺 Pitcher (1st Place Glassware)","Pitcher","Who’s Sammy? ","Sunny Gu","Ryan Marino"
"North American Tour Series - Boston Sectional","2026","2026-06-20","Marlborough, MA, US","5.0 Open Premier/Bronze+","Top Tier (Glassware)",2,"🍻 Tankard (2nd Place Glassware)","Tankard / Cup","Paradox","Paq Clifford","Kyle Fowler"
"North American Tour Series - Boston Sectional","2026","2026-06-20","Marlborough, MA, US","5.0 Open Premier/Bronze+","Top Tier (Glassware)",3,"🥃 Shot Glass (3rd Place Glassware)","Shot Glass / Horn","Omnomnomnomnom","Noah Saddik","Connor Nelson"
"North American Tour Series - Boston Sectional","2026","2026-06-20","Marlborough, MA, US","5.0 Open Premier/Bronze+","Top Tier (Glassware)",4,"4th Place (No Award)","None","Drawing Dead","Tyler Fernandez","Kieran Rose"
"North American Tour Series - Boston Sectional","2026","2026-06-20","Marlborough, MA, US","4.5 Women's Advanced","Top Tier (Glassware)",1,"🍺 Pitcher (1st Place Glassware)","Pitcher","dabu","Joanna Gould","Tess Dolan"
"North American Tour Series - Boston Sectional","2026","2026-06-20","Marlborough, MA, US","4.5 Women's Advanced","Top Tier (Glassware)",2,"🍻 Tankard (2nd Place Glassware)","Tankard / Cup","Lamontagne/Phan","Abigale Lamontagne","Katheleen Phan"
"North American Tour Series - Boston Sectional","2026","2026-06-20","Marlborough, MA, US","4.5 Women's Advanced","Top Tier (Glassware)",3,"🥃 Shot Glass (3rd Place Glassware)","Shot Glass / Horn","Vallée/Lapointe-Roy","Laurence Vallée","Adele Lapointe-Roy"
"North American Tour Series - Boston Sectional","2026","2026-06-20","Marlborough, MA, US","4.5 Women's Advanced","Top Tier (Glassware)",4,"4th Place (No Award)","None","Barklow/Wanderer","Samantha Barklow","Malia Wanderer"
"North American Tour Series - Boston Sectional","2026","2026-06-20","Marlborough, MA, US","4.0 Open Contender","Top Tier (Glassware)",1,"🍺 Pitcher (1st Place Glassware)","Pitcher","Coast2Coast","Gaurav Capila","Shrey Dhuria"
"North American Tour Series - Boston Sectional","2026","2026-06-20","Marlborough, MA, US","4.0 Open Contender","Top Tier (Glassware)",2,"🍻 Tankard (2nd Place Glassware)","Tankard / Cup","Uhniche","Brandon Timonere","Anish Jona"
"North American Tour Series - Boston Sectional","2026","2026-06-20","Marlborough, MA, US","4.0 Open Contender","Top Tier (Glassware)",3,"🥃 Shot Glass (3rd Place Glassware)","Shot Glass / Horn","Dawgy Dawg World","Andrew Barra","george reagan"
"North American Tour Series - Boston Sectional","2026","2026-06-20","Marlborough, MA, US","4.0 Open Contender","Top Tier (Glassware)",4,"4th Place (No Award)","None","Keenan/Russo","Dean Russo","Kyle Keenan"
"North American Tour Series - Boston Sectional","2026","2026-06-20","Marlborough, MA, US","3.5 Open Advanced","Top Tier (Glassware)",1,"🍺 Pitcher (1st Place Glassware)","Pitcher","Rollin’ with the Hos","Jeremy Ho","Brody Rollins"
"North American Tour Series - Boston Sectional","2026","2026-06-20","Marlborough, MA, US","3.5 Open Advanced","Top Tier (Glassware)",2,"🍻 Tankard (2nd Place Glassware)","Tankard / Cup","Finn & William","William Louis","Finn Dunne"
"North American Tour Series - Boston Sectional","2026","2026-06-20","Marlborough, MA, US","3.5 Open Advanced","Top Tier (Glassware)",3,"🥃 Shot Glass (3rd Place Glassware)","Shot Glass / Horn","Albert and Einstein","Evan Phillips","Erik Ranz"
"North American Tour Series - Boston Sectional","2026","2026-06-20","Marlborough, MA, US","3.5 Open Advanced","Top Tier (Glassware)",4,"4th Place (No Award)","None","Jack & Dom","Jack Mallett","Domenic Corona"
"North American Tour Series - Boston Sectional","2026","2026-06-20","Marlborough, MA, US","Open NATS Points","Top Tier (Glassware)",1,"🍺 Pitcher (1st Place Glassware)","Pitcher","Who's Sammy?","Ryan Marino","Sunny Gu"
"North American Tour Series - Boston Sectional","2026","2026-06-20","Marlborough, MA, US","Open NATS Points","Top Tier (Glassware)",2,"🍻 Tankard (2nd Place Glassware)","Tankard / Cup","Paradox","Paq Clifford","Kyle Fowler"
"North American Tour Series - Boston Sectional","2026","2026-06-20","Marlborough, MA, US","Open NATS Points","Top Tier (Glassware)",3,"🥃 Shot Glass (3rd Place Glassware)","Shot Glass / Horn","Omnomnomnomnom","Noah Saddik","Connor Nelson"
"North American Tour Series - Boston Sectional","2026","2026-06-20","Marlborough, MA, US","Open NATS Points","Top Tier (Glassware)",4,"4th Place (No Award)","None","Drawing Dead","Tyler Fernandez","Kieran Rose"
"MNR @ Arlington Hills (6/20)","2026","2026-06-20","Saint Paul, MN, US","Advanced/Expert (3.5-4.5)","Top Tier (Glassware)",1,"🍺 Pitcher (1st Place Glassware)","Pitcher","Grip it and Rip it","Jared Kula","Jason Hovarter"
"MNR @ Arlington Hills (6/20)","2026","2026-06-20","Saint Paul, MN, US","Advanced/Expert (3.5-4.5)","Top Tier (Glassware)",2,"🍻 Tankard (2nd Place Glassware)","Tankard / Cup","Good Luck, Babe","Kyle Maher","Ally Kula"
"MNR @ Arlington Hills (6/20)","2026","2026-06-20","Saint Paul, MN, US","Advanced/Expert (3.5-4.5)","Top Tier (Glassware)",3,"🥃 Shot Glass (3rd Place Glassware)","Shot Glass / Horn","Out of Pace","Taaron Rudzitis","Colten Pace"
"MNR @ Arlington Hills (6/20)","2026","2026-06-20","Saint Paul, MN, US","Advanced/Expert (3.5-4.5)","Top Tier (Glassware)",4,"4th Place (No Award)","None","Counter Spike","Evan Burkstrand","Wally Scherer"
"PRA Honky Tonk Throwdown","2026","2026-06-27","Nashville, TN, US","Expert","Lower Division (Medals)",1,"🥇 Gold Medal","None","Sugar Rush","Jacob Narayan","Kyle Fowler"
"PRA Honky Tonk Throwdown","2026","2026-06-27","Nashville, TN, US","Expert","Lower Division (Medals)",2,"🥈 Silver Medal","None","Bro Code","Peyton Stack","Andrew Yancey"
"PRA Honky Tonk Throwdown","2026","2026-06-27","Nashville, TN, US","Expert","Lower Division (Medals)",3,"🥉 Bronze Medal","None","Too much sauce ","Austin Niles","Sean Caufield"
"PRA Honky Tonk Throwdown","2026","2026-06-27","Nashville, TN, US","Expert","Lower Division (Medals)",4,"4th Place (No Award)","None","Whose your Daddy?","Paq Clifford","Sam Aven"
"PRA Honky Tonk Throwdown","2026","2026-06-27","Nashville, TN, US","Contender","Lower Division (Medals)",1,"🥇 Gold Medal","None","Tim & Greg","Julia Timan","Ian Timan"
"PRA Honky Tonk Throwdown","2026","2026-06-27","Nashville, TN, US","Contender","Lower Division (Medals)",2,"🥈 Silver Medal","None","Chicken Bacon Ranch Loaded Fries","Zeke Beckford","Lane Morris"
"PRA Honky Tonk Throwdown","2026","2026-06-27","Nashville, TN, US","Contender","Lower Division (Medals)",3,"🥉 Bronze Medal","None","Conservation of Greatness ","Joseph Motto","Garret Chaffins"
"PRA Honky Tonk Throwdown","2026","2026-06-27","Nashville, TN, US","Contender","Lower Division (Medals)",3,"🥉 Bronze Medal","None","Boxed Lunch","Vinay Gupta","Cole Solomon"
"ERS Richmond 2026","2026","2026-07-11","Richmond, VA, US","Open Bronze 4.5+","Lower Division (Medals)",1,"🥇 Gold Medal","None","Rolling Reapers","Will Picone","Jake Dooley"
"ERS Richmond 2026","2026","2026-07-11","Richmond, VA, US","Open Bronze 4.5+","Lower Division (Medals)",2,"🥈 Silver Medal","None","Flame of Fire","Jacob Summers","Isaac Haynes"
"ERS Richmond 2026","2026","2026-07-11","Richmond, VA, US","Open Bronze 4.5+","Lower Division (Medals)",3,"🥉 Bronze Medal","None","Da Bih Tuh - Rimond Edshun","Owen Wallace","Jaxon Gonzalez"
"ERS Richmond 2026","2026","2026-07-11","Richmond, VA, US","Open Bronze 4.5+","Lower Division (Medals)",4,"4th Place (No Award)","None","Daddy Daughter","Noah Kopetic","Andrew Greer"
"North American Tour Series - Seattle Major","2026","2026-07-11","Seattle, WA, US","5.5 Open Gold+","Top Tier (Glassware)",1,"🍺 Pitcher (1st Place Glassware)","Pitcher","Fever","Connor Nelson","Kieran Rose"
"North American Tour Series - Seattle Major","2026","2026-07-11","Seattle, WA, US","5.5 Open Gold+","Top Tier (Glassware)",2,"🍻 Tankard (2nd Place Glassware)","Tankard / Cup","Carnivorous Herbivores","Josh Fragiacomo","Jake Woolley"
"North American Tour Series - Seattle Major","2026","2026-07-11","Seattle, WA, US","5.5 Open Gold+","Top Tier (Glassware)",3,"🥃 Shot Glass (3rd Place Glassware)","Shot Glass / Horn","Leung/Robertt","Eddy Leung","Nathan Robertt"
"North American Tour Series - Seattle Major","2026","2026-07-11","Seattle, WA, US","5.5 Open Gold+","Top Tier (Glassware)",4,"4th Place (No Award)","None","Abrams / Cote","Etienne Cote","Dan Abrams"
"North American Tour Series - Seattle Major","2026","2026-07-11","Seattle, WA, US","5.0 Women's Bronze+","Top Tier (Glassware)",1,"🍺 Pitcher (1st Place Glassware)","Pitcher","joanna and elle","Elle Lowe","Joanna Gould"
"North American Tour Series - Seattle Major","2026","2026-07-11","Seattle, WA, US","5.0 Women's Bronze+","Top Tier (Glassware)",2,"🍻 Tankard (2nd Place Glassware)","Tankard / Cup","we'll figure it out ","Karah Hui","Maddy Morehouse"
"North American Tour Series - Seattle Major","2026","2026-07-11","Seattle, WA, US","5.0 Women's Bronze+","Top Tier (Glassware)",3,"🥃 Shot Glass (3rd Place Glassware)","Shot Glass / Horn","Who is Allison?","Ally Kula","Ally Chou"
"North American Tour Series - Seattle Major","2026","2026-07-11","Seattle, WA, US","5.0 Women's Bronze+","Top Tier (Glassware)",4,"4th Place (No Award)","None","Gobby Girls","Jordan Hemmen","Sara Bradshaw"
"North American Tour Series - Seattle Major","2026","2026-07-11","Seattle, WA, US","5.0 Open Premier/Bronze+","Top Tier (Glassware)",1,"🍺 Pitcher (1st Place Glassware)","Pitcher","Jake's Make-A-Wish Adventure","Jake Young","Charlie Bratsman"
"North American Tour Series - Seattle Major","2026","2026-07-11","Seattle, WA, US","5.0 Open Premier/Bronze+","Top Tier (Glassware)",2,"🍻 Tankard (2nd Place Glassware)","Tankard / Cup","WASD","Caedon Gibson","Gavin Gibson"
"North American Tour Series - Seattle Major","2026","2026-07-11","Seattle, WA, US","5.0 Open Premier/Bronze+","Top Tier (Glassware)",3,"🥃 Shot Glass (3rd Place Glassware)","Shot Glass / Horn","Wizard of Fog","Zachary Abas","Erick Ostheimer"
"North American Tour Series - Seattle Major","2026","2026-07-11","Seattle, WA, US","5.0 Open Premier/Bronze+","Top Tier (Glassware)",4,"4th Place (No Award)","None","Moe Kulaid","Jared Kula","Jon Moe"
"North American Tour Series - Seattle Major","2026","2026-07-11","Seattle, WA, US","4.0 Women's Advanced/Intermediate","Top Tier (Glassware)",1,"🍺 Pitcher (1st Place Glassware)","Pitcher","There's a ho in the bush!","Hathaway Bush","Anita Ho"
"North American Tour Series - Seattle Major","2026","2026-07-11","Seattle, WA, US","4.0 Women's Advanced/Intermediate","Top Tier (Glassware)",2,"🍻 Tankard (2nd Place Glassware)","Tankard / Cup","less smacky more grabby","Chau Nguyen","Ada Lee"
"North American Tour Series - Seattle Major","2026","2026-07-11","Seattle, WA, US","4.0 Women's Advanced/Intermediate","Top Tier (Glassware)",3,"🥃 Shot Glass (3rd Place Glassware)","Shot Glass / Horn","Spike Tysons","Isabella Damato","Caroline Chin"
"North American Tour Series - Seattle Major","2026","2026-07-11","Seattle, WA, US","4.0 Women's Advanced/Intermediate","Top Tier (Glassware)",4,"4th Place (No Award)","None","Rain & Grain","Maia Small","Lindy Westendorf"
"North American Tour Series - Seattle Major","2026","2026-07-11","Seattle, WA, US","4.0 Open Contender","Top Tier (Glassware)",1,"🍺 Pitcher (1st Place Glassware)","Pitcher","clever","Trevor Folden","Matthew Kamimura"
"North American Tour Series - Seattle Major","2026","2026-07-11","Seattle, WA, US","4.0 Open Contender","Top Tier (Glassware)",2,"🍻 Tankard (2nd Place Glassware)","Tankard / Cup","Kirkland Youth Spikeball","Patrick McManus","Hongyi Zhu"
"North American Tour Series - Seattle Major","2026","2026-07-11","Seattle, WA, US","4.0 Open Contender","Top Tier (Glassware)",3,"🥃 Shot Glass (3rd Place Glassware)","Shot Glass / Horn","Zabu","La John","Ethan Ma"
"North American Tour Series - Seattle Major","2026","2026-07-11","Seattle, WA, US","4.0 Open Contender","Top Tier (Glassware)",4,"4th Place (No Award)","None","PvP","Justin Martinez","Daniel Gonzalez"
"North American Tour Series - Seattle Major","2026","2026-07-11","Seattle, WA, US","3.5 Open Advanced","Top Tier (Glassware)",1,"🍺 Pitcher (1st Place Glassware)","Pitcher","Poly Spike","Brody Bredice","Leo Albert"
"North American Tour Series - Seattle Major","2026","2026-07-11","Seattle, WA, US","3.5 Open Advanced","Top Tier (Glassware)",2,"🍻 Tankard (2nd Place Glassware)","Tankard / Cup","Derek is cute","Derek Chen","Michael Hayashi"
"North American Tour Series - Seattle Major","2026","2026-07-11","Seattle, WA, US","3.5 Open Advanced","Top Tier (Glassware)",3,"🥃 Shot Glass (3rd Place Glassware)","Shot Glass / Horn","Pocket Aces","Mac Nelson","Cooper Harris"
"North American Tour Series - Seattle Major","2026","2026-07-11","Seattle, WA, US","3.5 Open Advanced","Top Tier (Glassware)",4,"4th Place (No Award)","None","White on Rice","Josh  Travis ","Riley  Monwai "
"AF Steel Days Spike Tournament","2026","2026-07-18","American Fork, UT, US","4.5 Elite","Top Tier (Glassware)",1,"🍺 Pitcher (1st Place Glassware)","Pitcher","Kyler / Chandler","Chandler Hertzler","Kyler Cote"
"AF Steel Days Spike Tournament","2026","2026-07-18","American Fork, UT, US","4.5 Elite","Top Tier (Glassware)",2,"🍻 Tankard (2nd Place Glassware)","Tankard / Cup","Good Sets","Garrett Carver","Lazarus Shettell"
"AF Steel Days Spike Tournament","2026","2026-07-18","American Fork, UT, US","4.5 Elite","Top Tier (Glassware)",3,"🥃 Shot Glass (3rd Place Glassware)","Shot Glass / Horn","Cook / Church","Luke Cook","Taylor Church"
"AF Steel Days Spike Tournament","2026","2026-07-18","American Fork, UT, US","4.5 Elite","Top Tier (Glassware)",4,"4th Place (No Award)","None","Sleeveless","Kody Price","Christopher Marcusen"
"AF Steel Days Spike Tournament","2026","2026-07-18","American Fork, UT, US","4.0 Challenger","Top Tier (Glassware)",1,"🍺 Pitcher (1st Place Glassware)","Pitcher","Mom and Dad","jesse rowley","Kylie Rowley"
"AF Steel Days Spike Tournament","2026","2026-07-18","American Fork, UT, US","4.0 Challenger","Top Tier (Glassware)",2,"🍻 Tankard (2nd Place Glassware)","Tankard / Cup","We Thought This was Pickleball","Ryan Kartchner","Ryley Duke"
"AF Steel Days Spike Tournament","2026","2026-07-18","American Fork, UT, US","4.0 Challenger","Top Tier (Glassware)",3,"🥃 Shot Glass (3rd Place Glassware)","Shot Glass / Horn","CJack","Chad Lewis","Kieren Henness"
"AF Steel Days Spike Tournament","2026","2026-07-18","American Fork, UT, US","4.0 Challenger","Top Tier (Glassware)",4,"4th Place (No Award)","None","The Moppers","Payton Perkins","Devin Perkins"
"PRA Raleigh Rumble","2026","2026-07-25","Raleigh, NC, US","Expert","Lower Division (Medals)",1,"🥇 Gold Medal","None","Set Apart","Jacob Summers","Andrew Greer"
"PRA Raleigh Rumble","2026","2026-07-25","Raleigh, NC, US","Expert","Lower Division (Medals)",2,"🥈 Silver Medal","None","KAB Crumb","Peyton Stack","Paq Clifford"
"PRA Raleigh Rumble","2026","2026-07-25","Raleigh, NC, US","Expert","Lower Division (Medals)",3,"🥉 Bronze Medal","None","Simulmaxxing","Kyle Fowler","Jake Dooley"
"PRA Raleigh Rumble","2026","2026-07-25","Raleigh, NC, US","Expert","Lower Division (Medals)",4,"4th Place (No Award)","None","Voodoo","Drew Ryder","Diego Lopez"
"PRA Raleigh Rumble","2026","2026-07-25","Raleigh, NC, US","Contender","Lower Division (Medals)",1,"🥇 Gold Medal","None","Cool Whip","Zeke Beckford","Joseph Gibson"
"PRA Raleigh Rumble","2026","2026-07-25","Raleigh, NC, US","Contender","Lower Division (Medals)",2,"🥈 Silver Medal","None","Fence Shakers","Drew Davis","Yanai Hamel-Sasson"
"PRA Raleigh Rumble","2026","2026-07-25","Raleigh, NC, US","Contender","Lower Division (Medals)",3,"🥉 Bronze Medal","None","Conservation of Greatness ","Garret Chaffins","Joseph Motto"
"PRA Raleigh Rumble","2026","2026-07-25","Raleigh, NC, US","Contender","Lower Division (Medals)",4,"4th Place (No Award)","None","The Rim Jobs","Josh Lairamore","Hugh Telke"
"PRA Raleigh Rumble","2026","2026-07-25","Raleigh, NC, US","Coed (Sunday)","Lower Division (Medals)",1,"🥇 Gold Medal","None","girl set boy hit","Stef Ding","John Buchanan"
"PRA Raleigh Rumble","2026","2026-07-25","Raleigh, NC, US","Coed (Sunday)","Lower Division (Medals)",2,"🥈 Silver Medal","None","Spike Wazowski","Brandon Stokes","Hannahlisa Breakfield"
"PRA Raleigh Rumble","2026","2026-07-25","Raleigh, NC, US","Coed (Sunday)","Lower Division (Medals)",3,"🥉 Bronze Medal","None","KAB Booooots","Jacob Narayan","Rosie Craven"
"PRA Raleigh Rumble","2026","2026-07-25","Raleigh, NC, US","Coed (Sunday)","Lower Division (Medals)",4,"4th Place (No Award)","None","KAB Cookie Crisp","Sam Aven","Lindsay Parkes"
"CASR Norcal Open #3","2026","2026-08-01","Menlo Park, CA, US","4.0+ Contender","Lower Division (Medals)",1,"🥇 Gold Medal","None","Rim Reapers","Michael Twersky","Edson Bonilla"
"CASR Norcal Open #3","2026","2026-08-01","Menlo Park, CA, US","4.0+ Contender","Lower Division (Medals)",2,"🥈 Silver Medal","None","Poly Spike","Zachary D'Souza","Greyson Farrar"
"CASR Norcal Open #3","2026","2026-08-01","Menlo Park, CA, US","4.0+ Contender","Lower Division (Medals)",3,"🥉 Bronze Medal","None","Sean and Thomas","Thompson Yang","Sean Chen"
"CASR Norcal Open #3","2026","2026-08-01","Menlo Park, CA, US","4.0+ Contender","Lower Division (Medals)",4,"4th Place (No Award)","None","G Money’s","Gammy Bravo","Guillermo R."
"CASR Norcal Open #3","2026","2026-08-01","Menlo Park, CA, US","5.0 Expert","Lower Division (Medals)",1,"🥇 Gold Medal","None","Omnomnomnomnom","Noah Saddik","Connor Nelson"
"CASR Norcal Open #3","2026","2026-08-01","Menlo Park, CA, US","5.0 Expert","Lower Division (Medals)",2,"🥈 Silver Medal","None","Sluggish","Jakob Seidner","Sasha Mariniuk"
"CASR Norcal Open #3","2026","2026-08-01","Menlo Park, CA, US","5.0 Expert","Lower Division (Medals)",3,"🥉 Bronze Medal","None","Gabe/Rehan","Gabriel Rouse","Rehan Kabir"
"CASR Norcal Open #3","2026","2026-08-01","Menlo Park, CA, US","5.0 Expert","Lower Division (Medals)",4,"4th Place (No Award)","None","Just Here to Observe","Rafi Moldovsky","Ahren Gwynn"
"North American Tour Series - Columbus Sectional","2026","2026-08-08","Columbus, OH, US","4.0 Open Contender","Top Tier (Glassware)",1,"🍺 Pitcher (1st Place Glassware)","Pitcher","KC Pitmasters","Jamisen Wrinkle","Anil Patel"
"North American Tour Series - Columbus Sectional","2026","2026-08-08","Columbus, OH, US","4.0 Open Contender","Top Tier (Glassware)",2,"🍻 Tankard (2nd Place Glassware)","Tankard / Cup","New kids on the block","Tommy Richard","Daniel Gutierrez"
"North American Tour Series - Columbus Sectional","2026","2026-08-08","Columbus, OH, US","4.0 Open Contender","Top Tier (Glassware)",3,"🥃 Shot Glass (3rd Place Glassware)","Shot Glass / Horn","Scarlet Knights","Logan Pallo","Cody Scroggins"
"North American Tour Series - Columbus Sectional","2026","2026-08-08","Columbus, OH, US","4.0 Open Contender","Top Tier (Glassware)",4,"4th Place (No Award)","None","Trevor and the Chud","Chris Kondas","Trevor Sargent"
"North American Tour Series - Columbus Sectional","2026","2026-08-08","Columbus, OH, US","5.0 Open Premier/Bronze+","Top Tier (Glassware)",1,"🍺 Pitcher (1st Place Glassware)","Pitcher","Marino / Nelson","Ryan Marino","Connor Nelson"
"North American Tour Series - Columbus Sectional","2026","2026-08-08","Columbus, OH, US","5.0 Open Premier/Bronze+","Top Tier (Glassware)",2,"🍻 Tankard (2nd Place Glassware)","Tankard / Cup","CHEATERS ROUNDNET","Jacob Summers","Jake Dooley"
"North American Tour Series - Columbus Sectional","2026","2026-08-08","Columbus, OH, US","5.0 Open Premier/Bronze+","Top Tier (Glassware)",3,"🥃 Shot Glass (3rd Place Glassware)","Shot Glass / Horn","Temu Klap","Jake Woolley","Zach Snover"
"North American Tour Series - Columbus Sectional","2026","2026-08-08","Columbus, OH, US","5.0 Open Premier/Bronze+","Top Tier (Glassware)",4,"4th Place (No Award)","None","The Diamond Dogs","Reid Pfutzenreuter","Bennett Anderson"
"North American Tour Series - Columbus Sectional","2026","2026-08-08","Columbus, OH, US","4.5 Women's Advanced","Top Tier (Glassware)",1,"🍺 Pitcher (1st Place Glassware)","Pitcher","Barklow/Freeman","Samantha Barklow","Leah Freeman"
"North American Tour Series - Columbus Sectional","2026","2026-08-08","Columbus, OH, US","4.5 Women's Advanced","Top Tier (Glassware)",2,"🍻 Tankard (2nd Place Glassware)","Tankard / Cup","Kevin&Bob","Abby Norris","Alaina Althouse"
"North American Tour Series - Columbus Sectional","2026","2026-08-08","Columbus, OH, US","4.5 Women's Advanced","Top Tier (Glassware)",3,"🥃 Shot Glass (3rd Place Glassware)","Shot Glass / Horn","THE BOYS","Jaime Cunningham","Sylvia Dean"
"North American Tour Series - Columbus Sectional","2026","2026-08-08","Columbus, OH, US","4.5 Women's Advanced","Top Tier (Glassware)",4,"4th Place (No Award)","None","Mashed Potatoes","Hui Ying Stradiot","Emma Curran"
"North American Tour Series - Columbus Sectional","2026","2026-08-08","Columbus, OH, US","3.5 Open Advanced","Top Tier (Glassware)",1,"🍺 Pitcher (1st Place Glassware)","Pitcher","Sammy/Josh","Sammy McClain","Josh Elliott"
"North American Tour Series - Columbus Sectional","2026","2026-08-08","Columbus, OH, US","3.5 Open Advanced","Top Tier (Glassware)",2,"🍻 Tankard (2nd Place Glassware)","Tankard / Cup","Feelin 2022","Owen Clements","Landon Walker"
"North American Tour Series - Columbus Sectional","2026","2026-08-08","Columbus, OH, US","3.5 Open Advanced","Top Tier (Glassware)",3,"🥃 Shot Glass (3rd Place Glassware)","Shot Glass / Horn","Bryson Stanfih","Bryson Stanfill","Zach Smith"
"North American Tour Series - Columbus Sectional","2026","2026-08-08","Columbus, OH, US","3.5 Open Advanced","Top Tier (Glassware)",4,"4th Place (No Award)","None","Trucker diet","Isiah Golsby","Kaleb Evans"
"North American Tour Series - New York City Major","2026","2026-08-16","Central Islip, NY, US","3.5 Open Advanced","Top Tier (Glassware)",1,"🍺 Pitcher (1st Place Glassware)","Pitcher","Yin and Yang","Joe Pisano","Luke Thomson"
"North American Tour Series - New York City Major","2026","2026-08-16","Central Islip, NY, US","3.5 Open Advanced","Top Tier (Glassware)",2,"🍻 Tankard (2nd Place Glassware)","Tankard / Cup","TyGer Kings","Gershom Delva","Tyler Lee"
"North American Tour Series - New York City Major","2026","2026-08-16","Central Islip, NY, US","3.5 Open Advanced","Top Tier (Glassware)",3,"🥃 Shot Glass (3rd Place Glassware)","Shot Glass / Horn","set and forget","Jeffrey Rodrigo","Olin Rummler"
"North American Tour Series - New York City Major","2026","2026-08-16","Central Islip, NY, US","3.5 Open Advanced","Top Tier (Glassware)",4,"4th Place (No Award)","None","Abombily","emily stewart","Cole Bombard"
"North American Tour Series - New York City Major","2026","2026-08-16","Central Islip, NY, US","4.0 Women's Adv./Interm.","Top Tier (Glassware)",1,"🍺 Pitcher (1st Place Glassware)","Pitcher","sheet cake demons","Cynthia Zhang","Karly Bigham"
"North American Tour Series - New York City Major","2026","2026-08-16","Central Islip, NY, US","4.0 Women's Adv./Interm.","Top Tier (Glassware)",2,"🍻 Tankard (2nd Place Glassware)","Tankard / Cup","maine goons","Charlotte Jones","Delilah Meyer"
"North American Tour Series - New York City Major","2026","2026-08-16","Central Islip, NY, US","4.0 Women's Adv./Interm.","Top Tier (Glassware)",3,"🥃 Shot Glass (3rd Place Glassware)","Shot Glass / Horn","Running in circles","Hui Ying Stradiot","Erin Riley"
"North American Tour Series - New York City Major","2026","2026-08-16","Central Islip, NY, US","4.0 Women's Adv./Interm.","Top Tier (Glassware)",4,"4th Place (No Award)","None","team tobillera","Rachel Lowell","Sol Lázaro"
"North American Tour Series - New York City Major","2026","2026-08-16","Central Islip, NY, US","4.0 Open Contender","Top Tier (Glassware)",1,"🍺 Pitcher (1st Place Glassware)","Pitcher","Curry & Mayo","Jeremy Schneider","Aarav Sampat"
"North American Tour Series - New York City Major","2026","2026-08-16","Central Islip, NY, US","4.0 Open Contender","Top Tier (Glassware)",2,"🍻 Tankard (2nd Place Glassware)","Tankard / Cup","Same Sets Marriage","Michael Rascati","Travis Flynn"
"North American Tour Series - New York City Major","2026","2026-08-16","Central Islip, NY, US","4.0 Open Contender","Top Tier (Glassware)",3,"🥃 Shot Glass (3rd Place Glassware)","Shot Glass / Horn","Ruckizucki","Kennedy Nguyen","Marius Leonhardt"
"North American Tour Series - New York City Major","2026","2026-08-16","Central Islip, NY, US","4.0 Open Contender","Top Tier (Glassware)",4,"4th Place (No Award)","None","Russo/Prelich","Dean Russo","Connor Prelich"
"North American Tour Series - New York City Major","2026","2026-08-16","Central Islip, NY, US","5.0 Open Premier/Bronze+","Top Tier (Glassware)",1,"🍺 Pitcher (1st Place Glassware)","Pitcher","China Smash","Ricky Santiago","Jerry Hao"
"North American Tour Series - New York City Major","2026","2026-08-16","Central Islip, NY, US","5.0 Open Premier/Bronze+","Top Tier (Glassware)",2,"🍻 Tankard (2nd Place Glassware)","Tankard / Cup","Airborne","Hunter Koth","Caedon Gibson"
"North American Tour Series - New York City Major","2026","2026-08-16","Central Islip, NY, US","5.0 Open Premier/Bronze+","Top Tier (Glassware)",3,"🥃 Shot Glass (3rd Place Glassware)","Shot Glass / Horn","Evil White Boys","Hampton Chappell","Grant Marshall"
"North American Tour Series - New York City Major","2026","2026-08-16","Central Islip, NY, US","5.0 Open Premier/Bronze+","Top Tier (Glassware)",3,"🥃 Shot Glass (3rd Place Glassware)","Shot Glass / Horn","One Too Many","Declan Brown","Drew Ryder"
"North American Tour Series - New York City Major","2026","2026-08-16","Central Islip, NY, US","5.0 Women's Bronze+","Top Tier (Glassware)",1,"🍺 Pitcher (1st Place Glassware)","Pitcher","KarAbby Patty","Karah Hui","Abigale Lamontagne"
"North American Tour Series - New York City Major","2026","2026-08-16","Central Islip, NY, US","5.0 Women's Bronze+","Top Tier (Glassware)",2,"🍻 Tankard (2nd Place Glassware)","Tankard / Cup","don't give a gaf","Joanna Gould","Katheleen Phan"
"North American Tour Series - New York City Major","2026","2026-08-16","Central Islip, NY, US","5.0 Women's Bronze+","Top Tier (Glassware)",3,"🥃 Shot Glass (3rd Place Glassware)","Shot Glass / Horn","almost a frog 🐸","Ally Chou","Tiff Ding"
"North American Tour Series - New York City Major","2026","2026-08-16","Central Islip, NY, US","5.0 Women's Bronze+","Top Tier (Glassware)",4,"4th Place (No Award)","None","NOISE COMPLAINT","Tess Dolan","Samantha Barklow"
"North American Tour Series - New York City Major","2026","2026-08-16","Central Islip, NY, US","5.5 Open Gold+","Top Tier (Glassware)",1,"🍺 Pitcher (1st Place Glassware)","Pitcher","Bangarang","Kyle Fowler","Eddy Leung"
"North American Tour Series - New York City Major","2026","2026-08-16","Central Islip, NY, US","5.5 Open Gold+","Top Tier (Glassware)",2,"🍻 Tankard (2nd Place Glassware)","Tankard / Cup","The Diamond Dogs","Reid Pfutzenreuter","Bennett Anderson"
"North American Tour Series - New York City Major","2026","2026-08-16","Central Islip, NY, US","5.5 Open Gold+","Top Tier (Glassware)",3,"🥃 Shot Glass (3rd Place Glassware)","Shot Glass / Horn","EMPIRE","Clifford Amadeo LeVeque","Thomas Hamilton"
"North American Tour Series - New York City Major","2026","2026-08-16","Central Islip, NY, US","5.5 Open Gold+","Top Tier (Glassware)",4,"4th Place (No Award)","None","Carnivorous Herbivores","Josh Fragiacomo","Jake Woolley"
"Back to School Spike Tournament","2026","2026-08-22","Millcreek, UT, US","4.5 Elite","Top Tier (Glassware)",1,"🍺 Pitcher (1st Place Glassware)","Pitcher","Team Ja Ganhou","Xande Plaisted","Taylor Church"
"Back to School Spike Tournament","2026","2026-08-22","Millcreek, UT, US","4.5 Elite","Top Tier (Glassware)",2,"🍻 Tankard (2nd Place Glassware)","Tankard / Cup","Chandler is my handler","Chandler Hertzler","Garrett Carver"
"Back to School Spike Tournament","2026","2026-08-22","Millcreek, UT, US","4.5 Elite","Top Tier (Glassware)",3,"🥃 Shot Glass (3rd Place Glassware)","Shot Glass / Horn","Silent Chaos","Kyler Cote","Bryant Karratti"
"Back to School Spike Tournament","2026","2026-08-22","Millcreek, UT, US","4.5 Elite","Top Tier (Glassware)",4,"4th Place (No Award)","None","Premarital Sets","Christopher Marcusen","Charlie Bratsman"
"Back to School Spike Tournament","2026","2026-08-22","Millcreek, UT, US","4.0 Challenger","Top Tier (Glassware)",1,"🍺 Pitcher (1st Place Glassware)","Pitcher","2016 Cavs","Jace Durfey","Austin Squire"
"Back to School Spike Tournament","2026","2026-08-22","Millcreek, UT, US","4.0 Challenger","Top Tier (Glassware)",2,"🍻 Tankard (2nd Place Glassware)","Tankard / Cup","Canes?","Spencer Hodson","Tyler Caswell"
"Back to School Spike Tournament","2026","2026-08-22","Millcreek, UT, US","4.0 Challenger","Top Tier (Glassware)",3,"🥃 Shot Glass (3rd Place Glassware)","Shot Glass / Horn","Plaisted/Anderson","Justin Anderson","Anne Marie Gibbs"
"Back to School Spike Tournament","2026","2026-08-22","Millcreek, UT, US","4.0 Challenger","Top Tier (Glassware)",4,"4th Place (No Award)","None","Spike and Subscribe","Dylan Mundy","Becca Feller"